{
   "Selections":[
      {
         "Group":"Forest Cover",
         "Group_DOI":1,
         "Variable":[
            {
               "Variable_name":"Forest Cover",
               "Variable_DOI":1,
               "Measure":[
                  {
                     "Measure_name":"Mean",
                     "Measure_unit":"Density",
                     "images":[
                        {
                           "x_sequence_value":"1000",
                           "x_display_value":"1000",
                           "image_DOI":"",
                           "file_type":"png",
                           "location_type":"local",
                           "address":"forest_cover/forest_cover/mean/1000.png"
                        },
                        {
                           "x_sequence_value":"1100",
                           "x_display_value":"1100",
                           "image_DOI":"",
                           "file_type":"png",
                           "location_type":"local",
                           "address":"forest_cover/forest_cover/mean/1100.png"
                        },
                        {
                           "x_sequence_value":"1200",
                           "x_display_value":"1200",
                           "image_DOI":"",
                           "file_type":"png",
                           "location_type":"local",
                           "address":"forest_cover/forest_cover/mean/1200.png"
                        }
                     ]
                  },
                  {
                     "Measure_name":"Error",
                     "Measure_unit":"Density SD",
                     "images":[
                        {
                           "x_sequence_value":"1000",
                           "x_display_value":"1000",
                           "image_DOI":"",
                           "file_type":"png",
                           "location_type":"local",
                           "address":"forest_cover/forest_cover/error/1000.png"
                        },
                        {
                           "x_sequence_value":"1100",
                           "x_display_value":"1100",
                           "image_DOI":"",
                           "file_type":"png",
                           "location_type":"local",
                           "address":"forest_cover/forest_cover/error/1100.png"
                        },
                        {
                           "x_sequence_value":"1200",
                           "x_display_value":"1200",
                           "image_DOI":"",
                           "file_type":"png",
                           "location_type":"local",
                           "address":"forest_cover/forest_cover/error/1200.png"
                        }
                     ]
                  }
               ]
            }
         ]
      },
      {
         "Group":"World Climate",
         "Group_DOI":2,
         "Variable":[
            {
               "Variable_name":"Humidity",
               "Variable_DOI":21,
               "Measure":[
                  {
                     "Measure_name":"Mean",
                     "Measure_unit":"Percentage",
                     "images":[
                        {
                           "x_sequence_value":"1000",
                           "x_display_value":"1000",
                           "image_DOI":"",
                           "file_type":"png",
                           "location_type":"local",
                           "address":"world_climate/humidity/mean/1000.png"
                        }
                     ]
                  }
               ]
            },
            {
               "Variable_name":"Temperature",
               "Variable_DOI":22,
               "Measure":[
                  {
                     "Measure_name":"Mean",
                     "Measure_unit":"Celsius",
                     "images":[
                        {
                           "x_sequence_value":"1000",
                           "x_display_value":"1000",
                           "image_DOI":"",
                           "file_type":"png",
                           "location_type":"local",
                           "address":"world_climate/temperature/mean/1000.png"
                        }
                     ]
                  }
               ]
            },
            {
               "Variable_name":"Precipitation",
               "Variable_DOI":23,
               "Measure":[
                  {
                     "Measure_name":"Mean",
                     "Measure_unit":"mm",
                     "images":[
                        {
                           "x_sequence_value":"1000",
                           "x_display_value":"1000",
                           "image_DOI":"",
                           "file_type":"png",
                           "location_type":"local",
                           "address":"world_climate/precipitation/mean/1000.png"
                        }
                     ]
                  }
               ]
            }
         ]
      }
   ]
}

